{
    "szuMmHnOnGgzO5n48SgiNg": [
        1725044133.2578275,
        1724961333.2578275,
        0
    ],
    "oQLSBAyHie2GAEpmPe4Hew": [
        1725044133.2578275,
        1724961333.2578275,
        0
    ],
    "hqHwIIDcMBvzSOEh2ISvJA": [
        1725044133.2578275,
        1724961333.2578275,
        0
    ],
    "YUadlVRRkrjkbX3fgR4iZQ": [
        1725044133.2578275,
        1724961333.2578275,
        0
    ],
    "dSKMpg6s2lStUGrKm70iWg": [
        1725044133.2578275,
        1724961333.2578275,
        0
    ],
    "sNRApnVdAFRgvANV7JXQTQ": [
        1725044133.2578275,
        1724961333.2578275,
        0
    ],
    "dox9LYQXVMADLNcnItwcZw": [
        1725044133.2578275,
        1724961333.2578275,
        0
    ],
    "GwTPdkyj7Z8FXxE1cBnOwg": [
        1725044133.2578275,
        1724961333.2578275,
        0
    ],
    "IezewPG2azpIn8bky4XVzA": [
        1725044133.2578275,
        1724961333.2578275,
        0
    ],
    "GejeMnvXzNoMpQYIEgCHJw": [
        1725044133.2578275,
        1724961333.2578275,
        0
    ],
    "pbA2w8022egYPsY9zGsjSg": [
        1725044133.2578275,
        1724961333.2578275,
        0
    ],
    "I8aeMkTxvIhuBurBr7i1bA": [
        1725044133.2578275,
        1724961333.2578275,
        0
    ],
    "aMQczE21ZckzkDSCdmC94g": [
        1725044133.2578275,
        1724961333.2578275,
        0
    ],
    "HpNKaMpXkpooIjwaKXMheg": [
        1725044133.2578275,
        1724961333.2578275,
        0
    ],
    "arcImRrTVlejtA84runeTA": [
        1725044133.2578275,
        1724961333.2578275,
        0
    ],
    "itumISB4jZRIa54vpx4q3A": [
        1725044133.2578275,
        1724961333.2578275,
        0
    ],
    "QXynKJl8GWOzfMT8z40KOQ": [
        1725044133.2578275,
        1724961333.2578275,
        0
    ],
    "bH5RdxaFADhFfvlKtUjiPQ": [
        1725044133.2578275,
        1724961333.2578275,
        0
    ],
    "1lAt4chee38kLNrKvf8jvw": [
        1725044133.2578275,
        1724961333.2578275,
        0
    ],
    "oTs0710WVcqewG4VnMH8Kg": [
        1725044133.2578275,
        1724961333.2578275,
        0
    ],
    "huJXCbAgFK8DICUd23rdmg": [
        1725044133.2578275,
        1724961333.2578275,
        0
    ],
    "NedpD26GGLTAOzHjrzXvmQ": [
        1725044133.2578275,
        1724961333.2578275,
        0
    ],
    "IxWzHqvWO56cQIBmKAIHDQ": [
        1725044133.2578275,
        1724961333.2578275,
        0
    ],
    "aTnAiv030MeeiKY0vOp2TA": [
        1725044133.2578275,
        1724961333.2578275,
        0
    ],
    "CnBCqVcL1FkQknYnlmmswA": [
        1725044133.2578275,
        1724961333.2578275,
        0
    ],
    "oB15aWZQMmzTPUo4gaNxeA": [
        1725044133.2578275,
        1724961333.2578275,
        0
    ],
    "c13OTOkEecHZ0N5oqU13QA": [
        1725044133.2578275,
        1724961333.2578275,
        0
    ],
    "0yOJasYjOkA0QIfMnHPJDg": [
        1725044133.2578275,
        1724961333.2578275,
        0
    ],
    "Pc6sgtOFLMOFbQDzB6FBag": [
        1725044133.2578275,
        1724961333.2578275,
        0
    ],
    "0BFqZYyVh2A6eDP1LTNiaQ": [
        1725044133.2578275,
        1724961333.2578275,
        0
    ]
}