{
    "VvcACntvP97sfUjWbc0X8Q": [
        1724606721.9676151,
        1724523921.9676151,
        0
    ],
    "szuMmHnOnGgzO5n48SgiNg": [
        1724606721.9676151,
        1724523921.9676151,
        0
    ],
    "oQLSBAyHie2GAEpmPe4Hew": [
        1724606721.9676151,
        1724523921.9676151,
        0
    ],
    "hqHwIIDcMBvzSOEh2ISvJA": [
        1724606721.9676151,
        1724523921.9676151,
        0
    ],
    "YUadlVRRkrjkbX3fgR4iZQ": [
        1724606721.9676151,
        1724523921.9676151,
        0
    ],
    "dSKMpg6s2lStUGrKm70iWg": [
        1724606721.9676151,
        1724523921.9676151,
        0
    ],
    "sNRApnVdAFRgvANV7JXQTQ": [
        1724606721.9676151,
        1724523921.9676151,
        0
    ],
    "dox9LYQXVMADLNcnItwcZw": [
        1724606721.9676151,
        1724523921.9676151,
        0
    ],
    "GwTPdkyj7Z8FXxE1cBnOwg": [
        1724606721.9676151,
        1724523921.9676151,
        0
    ],
    "IezewPG2azpIn8bky4XVzA": [
        1724606721.9676151,
        1724523921.9676151,
        0
    ],
    "GejeMnvXzNoMpQYIEgCHJw": [
        1724606721.9676151,
        1724523921.9676151,
        0
    ],
    "pbA2w8022egYPsY9zGsjSg": [
        1724606721.9676151,
        1724523921.9676151,
        0
    ],
    "I8aeMkTxvIhuBurBr7i1bA": [
        1724606721.9676151,
        1724523921.9676151,
        0
    ],
    "aMQczE21ZckzkDSCdmC94g": [
        1724606721.9676151,
        1724523921.9676151,
        0
    ],
    "HpNKaMpXkpooIjwaKXMheg": [
        1724606721.9676151,
        1724523921.9676151,
        0
    ],
    "arcImRrTVlejtA84runeTA": [
        1724606721.9676151,
        1724523921.9676151,
        0
    ],
    "itumISB4jZRIa54vpx4q3A": [
        1724606721.9676151,
        1724523921.9676151,
        0
    ],
    "oaYPdUYgTGIWNZYJrbvwpg": [
        1724606721.9676151,
        1724523921.9676151,
        0
    ],
    "QXynKJl8GWOzfMT8z40KOQ": [
        1724606721.9676151,
        1724523921.9676151,
        0
    ],
    "bH5RdxaFADhFfvlKtUjiPQ": [
        1724606721.9676151,
        1724523921.9676151,
        0
    ]
}