{
    "VvcACntvP97sfUjWbc0X8Q": [
        1724486260.292093,
        1724486260.292093
    ],
    "szuMmHnOnGgzO5n48SgiNg": [
        1724486271.4552367,
        1724486271.4552367
    ],
    "oQLSBAyHie2GAEpmPe4Hew": [
        1724486288.1312969,
        1724486288.1312969
    ],
    "hqHwIIDcMBvzSOEh2ISvJA": [
        1724486305.248248,
        1724486305.248248
    ],
    "YUadlVRRkrjkbX3fgR4iZQ": [
        1724486323.4245837,
        1724486323.4245837
    ],
    "dSKMpg6s2lStUGrKm70iWg": [
        1724486339.9967546,
        1724486339.9967546
    ],
    "oK666V5uYdKF9XbQeHMWrA": [
        172448711.185757,
        172440026.8039112
    ]
}