{
    "VvcACntvP97sfUjWbc0X8Q": [
        1724499957.0795777,
        1724411351.356836,
        6
    ],
    "szuMmHnOnGgzO5n48SgiNg": [
        1724499974.8462234,
        1724411351.3568368,
        5
    ],
    "oQLSBAyHie2GAEpmPe4Hew": [
        1724499983.3306935,
        1724411351.3568368,
        5
    ],
    "hqHwIIDcMBvzSOEh2ISvJA": [
        1724499991.5497239,
        1724411351.3568368,
        4
    ],
    "YUadlVRRkrjkbX3fgR4iZQ": [
        1724500000.2032616,
        1724411351.3568368,
        4
    ],
    "dSKMpg6s2lStUGrKm70iWg": [
        1724500009.0438218,
        1724411351.3568368,
        4
    ],
    "oK666V5uYdKF9XbQeHMWrA": [
        1724494151.3568368,
        1724411351.3568368,
        0
    ],
    "sNRApnVdAFRgvANV7JXQTQ": [
        1724500019.1499708,
        1724411351.3568368,
        4
    ],
    "dox9LYQXVMADLNcnItwcZw": [
        1724496451.939591,
        1724413651.939591,
        0
    ],
    "GwTPdkyj7Z8FXxE1cBnOwg": [
        1724496451.939591,
        1724413651.939591,
        0
    ]
}