{
    "oQLSBAyHie2GAEpmPe4Hew": [
        1726899849.2836087,
        1726817049.2836087,
        0
    ],
    "hqHwIIDcMBvzSOEh2ISvJA": [
        1726899849.2836087,
        1726817049.2836087,
        0
    ],
    "YUadlVRRkrjkbX3fgR4iZQ": [
        1726899849.2836087,
        1726817049.2836087,
        0
    ],
    "dSKMpg6s2lStUGrKm70iWg": [
        1726899849.2836087,
        1726817049.2836087,
        0
    ],
    "sNRApnVdAFRgvANV7JXQTQ": [
        1726899849.2836087,
        1726817049.2836087,
        0
    ],
    "dox9LYQXVMADLNcnItwcZw": [
        1726899849.2836087,
        1726817049.2836087,
        0
    ],
    "GwTPdkyj7Z8FXxE1cBnOwg": [
        1726899849.2836087,
        1726817049.2836087,
        0
    ],
    "IezewPG2azpIn8bky4XVzA": [
        1726899849.2836087,
        1726817049.2836087,
        0
    ],
    "GejeMnvXzNoMpQYIEgCHJw": [
        1726899849.2836087,
        1726817049.2836087,
        0
    ],
    "pbA2w8022egYPsY9zGsjSg": [
        1726899849.2836087,
        1726817049.2836087,
        0
    ],
    "I8aeMkTxvIhuBurBr7i1bA": [
        1726899849.2836087,
        1726817049.2836087,
        0
    ],
    "aMQczE21ZckzkDSCdmC94g": [
        1726899849.2836087,
        1726817049.2836087,
        0
    ],
    "HpNKaMpXkpooIjwaKXMheg": [
        1726899849.2836087,
        1726817049.2836087,
        0
    ],
    "arcImRrTVlejtA84runeTA": [
        1726899849.2836087,
        1726817049.2836087,
        0
    ],
    "itumISB4jZRIa54vpx4q3A": [
        1726899849.2836087,
        1726817049.2836087,
        0
    ],
    "QXynKJl8GWOzfMT8z40KOQ": [
        1726899849.2836087,
        1726817049.2836087,
        0
    ],
    "bH5RdxaFADhFfvlKtUjiPQ": [
        1726899849.2836087,
        1726817049.2836087,
        0
    ],
    "1lAt4chee38kLNrKvf8jvw": [
        1726899849.2836087,
        1726817049.2836087,
        0
    ],
    "oTs0710WVcqewG4VnMH8Kg": [
        1726899849.2836087,
        1726817049.2836087,
        0
    ],
    "huJXCbAgFK8DICUd23rdmg": [
        1726899849.2836087,
        1726817049.2836087,
        0
    ],
    "NedpD26GGLTAOzHjrzXvmQ": [
        1726899849.2836087,
        1726817049.2836087,
        0
    ],
    "IxWzHqvWO56cQIBmKAIHDQ": [
        1726899849.2836087,
        1726817049.2836087,
        0
    ],
    "aTnAiv030MeeiKY0vOp2TA": [
        1726899849.2836087,
        1726817049.2836087,
        0
    ],
    "CnBCqVcL1FkQknYnlmmswA": [
        1726899849.2836087,
        1726817049.2836087,
        0
    ],
    "oB15aWZQMmzTPUo4gaNxeA": [
        1726899849.2836087,
        1726817049.2836087,
        0
    ],
    "c13OTOkEecHZ0N5oqU13QA": [
        1726899849.2836087,
        1726817049.2836087,
        0
    ],
    "0yOJasYjOkA0QIfMnHPJDg": [
        1726899849.2836087,
        1726817049.2836087,
        0
    ],
    "Pc6sgtOFLMOFbQDzB6FBag": [
        1726899849.2836087,
        1726817049.2836087,
        0
    ],
    "0BFqZYyVh2A6eDP1LTNiaQ": [
        1726899849.2836087,
        1726817049.2836087,
        0
    ],
    "rQx2ASXfg1kBf8WuTapGSA": [
        1726899849.2836087,
        1726817049.2836087,
        0
    ],
    "H2FS6T4L5lVTwhFs50i5UQ": [
        1726899849.2836087,
        1726817049.2836087,
        0
    ],
    "Gd5tmjEeNZ2rSHpGNU7mEw": [
        1726899849.2836087,
        1726817049.2836087,
        0
    ],
    "ZL9IHhlfrC3whu2V7r7pxw": [
        1726899849.2836087,
        1726817049.2836087,
        0
    ],
    "2SHTPJVS4GQJYZMzD9QaPA": [
        1726899849.2836087,
        1726817049.2836087,
        0
    ],
    "LLri8bQUMhicFFaDjGZwlA": [
        1726899849.2836087,
        1726817049.2836087,
        0
    ],
    "X6U3NHWxxvmuGsVSiFVsCQ": [
        1726899849.2836087,
        1726817049.2836087,
        0
    ],
    "QHw6RCDtea7m5tXJ7ben2g": [
        1726899849.2836087,
        1726817049.2836087,
        0
    ],
    "oyRoYq4QKEb8Ks69JH18rQ": [
        1726899849.2836087,
        1726817049.2836087,
        0
    ],
    "p0rNoOsU39ssBO5U9dwOuQ": [
        1726899849.2836087,
        1726817049.2836087,
        0
    ],
    "gTMOUb3C5X2hcL10irfuwg": [
        1726899849.2836087,
        1726817049.2836087,
        0
    ],
    "33D5e3ZmlLu1fJyUe0uLnw": [
        1726899849.2836087,
        1726817049.2836087,
        0
    ],
    "sinNLCq32zF37tnFWuqvaA": [
        1726899849.2836087,
        1726817049.2836087,
        0
    ],
    "zvffVZt48BfnXU7UT3kldQ": [
        1726899849.2836087,
        1726817049.2836087,
        0
    ],
    "8ivYrPSHO6oeXzyUWFdO0A": [
        1726899849.2836087,
        1726817049.2836087,
        0
    ],
    "QSynjrAOoLpUwM4bFwzuOQ": [
        1726899849.2836087,
        1726817049.2836087,
        0
    ],
    "m6m1qeYbEU0V97EIVt8Vig": [
        1726899849.2836087,
        1726817049.2836087,
        0
    ],
    "WSRwbh6OvhFqAsWgeYAd5g": [
        1726899849.2836087,
        1726817049.2836087,
        0
    ],
    "AEGZ7OotdOTfhA5rs9ArMw": [
        1726899849.2836087,
        1726817049.2836087,
        0
    ],
    "JEYCpYpKiBLzhvgKZyuBxw": [
        1726899849.2836087,
        1726817049.2836087,
        0
    ],
    "B1VTGXp0nlnDwUHdF6IQIQ": [
        1726899849.2836087,
        1726817049.2836087,
        0
    ],
    "2ivJNCbvL4EcMXYOJc1kGg": [
        1726899849.2836087,
        1726817049.2836087,
        0
    ],
    "MLNQMhVheEmMz44BTfv77w": [
        1726899849.2836087,
        1726817049.2836087,
        0
    ],
    "K3RZVwEVd0uJqkBVq9CMNQ": [
        1726899849.2836087,
        1726817049.2836087,
        0
    ],
    "CMEVyXEkecVCwwajzQdFYg": [
        1726899849.2836087,
        1726817049.2836087,
        0
    ],
    "kUtNIDn5cq4HWPsbbEizew": [
        1726899849.2836087,
        1726817049.2836087,
        0
    ],
    "jkvybEKpxFbVOuHeGUMdbg": [
        1726899849.2836087,
        1726817049.2836087,
        0
    ],
    "fkVOK8LitTpThCxhbGnfxw": [
        1726899849.2836087,
        1726817049.2836087,
        0
    ],
    "QD4LgIMzmMDCj4ZXUARgKA": [
        1726899849.2836087,
        1726817049.2836087,
        0
    ],
    "rBCuBY1j85kWYQjVouAPiA": [
        1726899849.2846074,
        1726817049.2846074,
        0
    ],
    "bvHhAm3coHlVbMGpViH5IQ": [
        1726899849.2846074,
        1726817049.2846074,
        0
    ],
    "kY2gAPRZu1Hb4TneacpgEg": [
        1726899849.2846074,
        1726817049.2846074,
        0
    ],
    "TMeTlaatV4yQwg60Awqkdw": [
        1726899849.2846074,
        1726817049.2846074,
        0
    ],
    "z2BBYIyBCkGICZ2r9Os2GQ": [
        1726899849.2846074,
        1726817049.2846074,
        0
    ],
    "P8ukDITCUU6jkn00tohHbw": [
        1726899849.2846074,
        1726817049.2846074,
        0
    ],
    "oD3eUHKbCKrvzw0AnIdmLw": [
        1726899849.2846074,
        1726817049.2846074,
        0
    ],
    "ey7EU56y131xu9yLn4inlw": [
        1726899849.2846074,
        1726817049.2846074,
        0
    ],
    "rDgyMOpsUfKS2D1IKD24zQ": [
        1726899849.2846074,
        1726817049.2846074,
        0
    ],
    "5cyb8x8zP9d2Q0oOQEZ8jQ": [
        1726899849.2846074,
        1726817049.2846074,
        0
    ],
    "JRYFlhgTgpj7iNMFJQkWBQ": [
        1726899849.2846074,
        1726817049.2846074,
        0
    ],
    "gG14clNkzFA4nYIap3OCSA": [
        1726899849.2846074,
        1726817049.2846074,
        0
    ],
    "XH9uzNX0lYe6A4qeY09EKg": [
        1726899849.2846074,
        1726817049.2846074,
        0
    ],
    "dOc3j24m3hwQAjeU7Qdlvw": [
        1726899849.2846074,
        1726817049.2846074,
        0
    ],