{
    "qjTERlx6ult8v61pIVoidg": [
        1724444473.6598341,
        1724444473.6598341
    ],
    "Zh13ZjqDAYMtF1PMy9f9ng": [
        1724444486.5459216,
        1724444486.5459216
    ],
    "1JUroK8peTGoYC3apqUHVw": [
        1724444624.775844,
        1724444624.775844
    ],
    "7dOZQ4mrJ2PwCgEdApacfw": [
        1724444635.2098727,
        1724444635.2098727
    ]
}